5,/Users/gt/CookScrap/VR/transitions-2-pretty-V/-Macaroni-and-Cheese-with-Crispy-Pork-Belly.html
18,/Users/gt/CookScrap/VR/transitions-2-pretty-V/-Spicy-Sweet-Garlic-Shrimp.html
5,/Users/gt/CookScrap/VR/transitions-2-pretty-V/-Thumbprint-Cookies---Rosenmunnar.html
4,/Users/gt/CookScrap/VR/transitions-2-pretty-V/10-Minute-Tuna-Pasta.html
4,/Users/gt/CookScrap/VR/transitions-2-pretty-V/2-bite-Butter-Tarts.html
16,/Users/gt/CookScrap/VR/transitions-2-pretty-V/3-Cheese-Tortellini-with-Meat-Sauce.html
20,/Users/gt/CookScrap/VR/transitions-2-pretty-V/3-Layer-Peanut-Butter-and-Chocolate-Ganache-Tart.html
10,/Users/gt/CookScrap/VR/transitions-2-pretty-V/Acorn-Squash-Custard.html
13,/Users/gt/CookScrap/VR/transitions-2-pretty-V/African-Squash-and-Peanut-Soup.html
9,/Users/gt/CookScrap/VR/transitions-2-pretty-V/Alligator-and-Crawfish-Etouffee-Po-Boys---Cajun.html
12,/Users/gt/CookScrap/VR/transitions-2-pretty-V/almond-biscotti.html
9,/Users/gt/CookScrap/VR/transitions-2-pretty-V/Amaretto-Cake-with-Kirsch-Cherry-Preserves-+-Cream.html
17,/Users/gt/CookScrap/VR/transitions-2-pretty-V/Antipasto-Salad-with-Citrus-Vodka-Vinaigrette.html
6,/Users/gt/CookScrap/VR/transitions-2-pretty-V/Apple-and-Beet-Bones-with-Candied-Ginger.html
5,/Users/gt/CookScrap/VR/transitions-2-pretty-V/Apple-Cinnamon-Bread---Muffins.html
19,/Users/gt/CookScrap/VR/transitions-2-pretty-V/apple-streusel-cheesecake-tart.html
8,/Users/gt/CookScrap/VR/transitions-2-pretty-V/Apple-Stuffed-with-Pumpkin-Flan-and-Bourbon-Sauce.html
8,/Users/gt/CookScrap/VR/transitions-2-pretty-V/Apricot-Pastry---Apricot-Fold-Ups.html
4,/Users/gt/CookScrap/VR/transitions-2-pretty-V/Arni-Kleftiko.html
8,/Users/gt/CookScrap/VR/transitions-2-pretty-V/Artichoke,-Portabella-&-Anchovy-Pate-&-Vinaigrette.html
9,/Users/gt/CookScrap/VR/transitions-2-pretty-V/Asian-Garlic-Toast.html
12,/Users/gt/CookScrap/VR/transitions-2-pretty-V/Asparagus-with-Tofu-in-Oyster-Sauce.html
3,/Users/gt/CookScrap/VR/transitions-2-pretty-V/Autumn-Salad-with-Bosc-Pear-and-Pepitas.html
5,/Users/gt/CookScrap/VR/transitions-2-pretty-V/Avocado-&-Crab-Salad-with-Roasted-Bell-Peppers.html
13,/Users/gt/CookScrap/VR/transitions-2-pretty-V/Avocado-Fudge-&-Bavarian-Cream-with-Apple-Chips.html
4,/Users/gt/CookScrap/VR/transitions-2-pretty-V/Avocado-Pistachio-Ice-Cream-with-Chocolate-Sauce.html
6,/Users/gt/CookScrap/VR/transitions-2-pretty-V/Baby-Squash-Salad-with-Pine-Nuts.html
8,/Users/gt/CookScrap/VR/transitions-2-pretty-V/bacalao-salad-codfish-with-green-bananas.html
8,/Users/gt/CookScrap/VR/transitions-2-pretty-V/Bacon-&-Onion-Tart-with-Creme-Fraiche.html
6,/Users/gt/CookScrap/VR/transitions-2-pretty-V/Bacon-and-Cheddar-Cheese-Puffs---Gougeres.html
8,/Users/gt/CookScrap/VR/transitions-2-pretty-V/Bacon-Caramel.html
5,/Users/gt/CookScrap/VR/transitions-2-pretty-V/Bacon-Cheddar-Beer-Soup-in-Bread-Bowls.html
12,/Users/gt/CookScrap/VR/transitions-2-pretty-V/Bacon-Ice-Cream-with-Maple-Syrup.html
12,/Users/gt/CookScrap/VR/transitions-2-pretty-V/Bacon-Mushroom-Meatloaf.html
3,/Users/gt/CookScrap/VR/transitions-2-pretty-V/Bacon-Shrimp-Tacos.html
13,/Users/gt/CookScrap/VR/transitions-2-pretty-V/Bacon-Stuffed-Pork-Loin-in-an-Apple-Port-Reduction.html
13,/Users/gt/CookScrap/VR/transitions-2-pretty-V/Bacon-Wrapped-Bean-Curd-with-Spicy-Dipping-Sauce.html
3,/Users/gt/CookScrap/VR/transitions-2-pretty-V/Bacon-Wrapped-Cipollini-Salad.html
8,/Users/gt/CookScrap/VR/transitions-2-pretty-V/bacon-wrapped-grilled-chicken.html
18,/Users/gt/CookScrap/VR/transitions-2-pretty-V/Baked-Char-Siu-Bao----Buns-With-Minced-BBQ-Pork.html
19,/Users/gt/CookScrap/VR/transitions-2-pretty-V/Baked-Jalapenos-Rellenos-with-Roasted-Chile-Salsa.html
6,/Users/gt/CookScrap/VR/transitions-2-pretty-V/baked-kale-chips.html
13,/Users/gt/CookScrap/VR/transitions-2-pretty-V/Baked-Pork-Tenderloin-with-Bacon.html
5,/Users/gt/CookScrap/VR/transitions-2-pretty-V/Baked-Sausage-Pasta-and-Cheese.html
20,/Users/gt/CookScrap/VR/transitions-2-pretty-V/Baked-Ziti.html
20,/Users/gt/CookScrap/VR/transitions-2-pretty-V/banana-bread.html
5,/Users/gt/CookScrap/VR/transitions-2-pretty-V/banana-bread1.html
10,/Users/gt/CookScrap/VR/transitions-2-pretty-V/Banana-Cakes.html
7,/Users/gt/CookScrap/VR/transitions-2-pretty-V/Banana-Chicken.html
13,/Users/gt/CookScrap/VR/transitions-2-pretty-V/banana-nut-muffins.html
5,/Users/gt/CookScrap/VR/transitions-2-pretty-V/banana-pudding-pie.html
21,/Users/gt/CookScrap/VR/transitions-2-pretty-V/banana-pudding.html
20,/Users/gt/CookScrap/VR/transitions-2-pretty-V/Barbecue-BBQ-Pulled-Pork-Sandwiches.html
3,/Users/gt/CookScrap/VR/transitions-2-pretty-V/Barbecued-Lamb-with-Cilantro.html
8,/Users/gt/CookScrap/VR/transitions-2-pretty-V/BBQ-Chicken.html
6,/Users/gt/CookScrap/VR/transitions-2-pretty-V/Bean-Dip.html
8,/Users/gt/CookScrap/VR/transitions-2-pretty-V/Beef-and-Red-Onion-Chirashi-Zushi.html
10,/Users/gt/CookScrap/VR/transitions-2-pretty-V/Beef-and-Shrimp-Bombay.html
9,/Users/gt/CookScrap/VR/transitions-2-pretty-V/Beef-Enchiladas.html
7,/Users/gt/CookScrap/VR/transitions-2-pretty-V/Beef-Pochero.html
13,/Users/gt/CookScrap/VR/transitions-2-pretty-V/Beef-Short-Ribs-&-Coffee,-Ancho-and-Cinnamon-Sauce.html
20,/Users/gt/CookScrap/VR/transitions-2-pretty-V/Beef-Stew.html
6,/Users/gt/CookScrap/VR/transitions-2-pretty-V/beef-stir-fry.html
0,/Users/gt/CookScrap/VR/transitions-2-pretty-V/beef-tenderloin-with-whisky-and-mushroom-cream.html
11,/Users/gt/CookScrap/VR/transitions-2-pretty-V/Beefy-French-Onion-Soup.html
4,/Users/gt/CookScrap/VR/transitions-2-pretty-V/Beer-Can-Chicken.html
14,/Users/gt/CookScrap/VR/transitions-2-pretty-V/Beer-Cheese-Soup.html
9,/Users/gt/CookScrap/VR/transitions-2-pretty-V/Beer-Chili-and-Honey-Cornbread.html
7,/Users/gt/CookScrap/VR/transitions-2-pretty-V/Bistek---Filipino-Beef-Steak.html
14,/Users/gt/CookScrap/VR/transitions-2-pretty-V/Black-and-White-Bean-Bacon-Soup.html
3,/Users/gt/CookScrap/VR/transitions-2-pretty-V/Blue-Cheese-and-Carmelized-Shallot-Dip.html
13,/Users/gt/CookScrap/VR/transitions-2-pretty-V/blueberry-cake.html
9,/Users/gt/CookScrap/VR/transitions-2-pretty-V/blueberry-muffins.html
11,/Users/gt/CookScrap/VR/transitions-2-pretty-V/Blueberry-Oat-Muffins.html
5,/Users/gt/CookScrap/VR/transitions-2-pretty-V/Bolognese-Meat-Sauce.html
13,/Users/gt/CookScrap/VR/transitions-2-pretty-V/borscht.html
9,/Users/gt/CookScrap/VR/transitions-2-pretty-V/Bourbon-Pumpkin-Tart-with-Walnut-Streusel.html
4,/Users/gt/CookScrap/VR/transitions-2-pretty-V/Bourbon-Shrimp-in-a-Bacon-Blanket.html
10,/Users/gt/CookScrap/VR/transitions-2-pretty-V/Bourbon-Teriyaki-Glazed-Salmon-Fingers.html
17,/Users/gt/CookScrap/VR/transitions-2-pretty-V/Braided-Bacon-and-Cheese-Loaf.html
20,/Users/gt/CookScrap/VR/transitions-2-pretty-V/Braised-Curried-Shortribs-with-Sauce-Bigarade.html
11,/Users/gt/CookScrap/VR/transitions-2-pretty-V/Brazilian-Veggie-Stew.html
13,/Users/gt/CookScrap/VR/transitions-2-pretty-V/Bread-and-Butter-Pudding.html
8,/Users/gt/CookScrap/VR/transitions-2-pretty-V/Bread-Pudding.html
13,/Users/gt/CookScrap/VR/transitions-2-pretty-V/Brickle-Candy.html
14,/Users/gt/CookScrap/VR/transitions-2-pretty-V/Brie-Stuffed-Chicken.html
4,/Users/gt/CookScrap/VR/transitions-2-pretty-V/bruschetta-pomodoro-all-amatriciana.html
5,/Users/gt/CookScrap/VR/transitions-2-pretty-V/Bruschetta-with-Mushrooms,-Avocado,-and-Greens.html
20,/Users/gt/CookScrap/VR/transitions-2-pretty-V/Buffalo-Wings-and-Blue-Cheese-Dressing.html
10,/Users/gt/CookScrap/VR/transitions-2-pretty-V/Burritos.html
8,/Users/gt/CookScrap/VR/transitions-2-pretty-V/Buttermilk-Brined-Pork-Ribs-&-Wok-Seared-Vegetables.html
11,/Users/gt/CookScrap/VR/transitions-2-pretty-V/Butternut-Squash-Pasta-with-Tomato-Sauce.html
8,/Users/gt/CookScrap/VR/transitions-2-pretty-V/Butternut-Squash-Soup-with-Andouille-Sausage.html
5,/Users/gt/CookScrap/VR/transitions-2-pretty-V/Butternut-Squash-Soup-with-Lobster.html
5,/Users/gt/CookScrap/VR/transitions-2-pretty-V/Cajun-Corn-Bread.html
11,/Users/gt/CookScrap/VR/transitions-2-pretty-V/Cajun-Fried-Flounder.html
13,/Users/gt/CookScrap/VR/transitions-2-pretty-V/Cajun-Sausage-Creole.html
17,/Users/gt/CookScrap/VR/transitions-2-pretty-V/Cajun-Shrimp-Fettucini-Alfredo.html
9,/Users/gt/CookScrap/VR/transitions-2-pretty-V/Cantaloupe-Cream-Puffs.html
11,/Users/gt/CookScrap/VR/transitions-2-pretty-V/Caramel-Sauce.html
6,/Users/gt/CookScrap/VR/transitions-2-pretty-V/Carbonara.html
13,/Users/gt/CookScrap/VR/transitions-2-pretty-V/Carne-Asada-and-Guacamole.html
4,/Users/gt/CookScrap/VR/transitions-2-pretty-V/Carpaccio-with-Shiitake-Salad.html
14,/Users/gt/CookScrap/VR/transitions-2-pretty-V/carrot-and-wasabi-crusted-yellowfin.html
11,/Users/gt/CookScrap/VR/transitions-2-pretty-V/Carrot-Cake-with-Cinnamon-Citrus-Cream.html
16,/Users/gt/CookScrap/VR/transitions-2-pretty-V/Carrot-Cake.html
14,/Users/gt/CookScrap/VR/transitions-2-pretty-V/Cauliflower-and-Ginger-Soup.html
12,/Users/gt/CookScrap/VR/transitions-2-pretty-V/Celeriac-and-Spicy-Tomato-Bake.html
7,/Users/gt/CookScrap/VR/transitions-2-pretty-V/Ceviche.html
14,/Users/gt/CookScrap/VR/transitions-2-pretty-V/Challah-Bread-French-Toast-Topped-with-Corn-Flakes.html
7,/Users/gt/CookScrap/VR/transitions-2-pretty-V/Chboogs-Fried-Chicken.html
13,/Users/gt/CookScrap/VR/transitions-2-pretty-V/Cheddar-bread.html
15,/Users/gt/CookScrap/VR/transitions-2-pretty-V/Cheese-Potatoes.html
9,/Users/gt/CookScrap/VR/transitions-2-pretty-V/Cheesy-Margarita-Chicken.html
6,/Users/gt/CookScrap/VR/transitions-2-pretty-V/Cherry-Omelet-Souffle-with-Mascarpone-Honey-Sauce.html
14,/Users/gt/CookScrap/VR/transitions-2-pretty-V/Chewy-Caramel-Apple-Cookies.html
11,/Users/gt/CookScrap/VR/transitions-2-pretty-V/Chex-Muddy-Buddies---Chex-Puppy-Chow.html
7,/Users/gt/CookScrap/VR/transitions-2-pretty-V/Chicken,-Spinach,-and-Cheese-Pocket-Sandwich.html
7,/Users/gt/CookScrap/VR/transitions-2-pretty-V/Chicken-&-Dumplings.html
11,/Users/gt/CookScrap/VR/transitions-2-pretty-V/Chicken-Adobo---Filipino-Dish.html
11,/Users/gt/CookScrap/VR/transitions-2-pretty-V/Chicken-and-Dumplings-with-Cheesy-Broccoli.html
9,/Users/gt/CookScrap/VR/transitions-2-pretty-V/Chicken-and-Dumplings.html
10,/Users/gt/CookScrap/VR/transitions-2-pretty-V/Chicken-and-Vegetable-Calzone.html
20,/Users/gt/CookScrap/VR/transitions-2-pretty-V/Chicken-Carbonara.html
18,/Users/gt/CookScrap/VR/transitions-2-pretty-V/Chicken-Cordon-Bleu-&-Mashed-Potatoes.html
8,/Users/gt/CookScrap/VR/transitions-2-pretty-V/Chicken-Curry-Rice.html
9,/Users/gt/CookScrap/VR/transitions-2-pretty-V/Chicken-Dhansak.html
6,/Users/gt/CookScrap/VR/transitions-2-pretty-V/Chicken-Dopiaza.html
17,/Users/gt/CookScrap/VR/transitions-2-pretty-V/Chicken-Fajitas.html
10,/Users/gt/CookScrap/VR/transitions-2-pretty-V/chicken-fried-rice.html
9,/Users/gt/CookScrap/VR/transitions-2-pretty-V/Chicken-in-a-Lemon-Wine-Supreme-Sauce.html
16,/Users/gt/CookScrap/VR/transitions-2-pretty-V/Chicken-Kiev.html
16,/Users/gt/CookScrap/VR/transitions-2-pretty-V/Chicken-Makhani-Curry.html
13,/Users/gt/CookScrap/VR/transitions-2-pretty-V/chicken-marsala.html
19,/Users/gt/CookScrap/VR/transitions-2-pretty-V/Chicken-Paprikash-(Paprikas-Csirke)-with-Spaetzle.html
12,/Users/gt/CookScrap/VR/transitions-2-pretty-V/chicken-parmesan.html
1,/Users/gt/CookScrap/VR/transitions-2-pretty-V/chicken-soup-with-goji-berries-and-red-dates.html
4,/Users/gt/CookScrap/VR/transitions-2-pretty-V/Chicken-Vegetable-Soup.html
7,/Users/gt/CookScrap/VR/transitions-2-pretty-V/Chicken-Vindaloo.html
6,/Users/gt/CookScrap/VR/transitions-2-pretty-V/Chicken-With-White-Wine-Tomato-Sauce.html
11,/Users/gt/CookScrap/VR/transitions-2-pretty-V/chili-nachos.html
11,/Users/gt/CookScrap/VR/transitions-2-pretty-V/Chili-Pasta.html
9,/Users/gt/CookScrap/VR/transitions-2-pretty-V/Chili-Rellenos.html
9,/Users/gt/CookScrap/VR/transitions-2-pretty-V/Chilli.html
12,/Users/gt/CookScrap/VR/transitions-2-pretty-V/Chinese-Chicken-Drumsticks-Tutorial-on-Technique.html
11,/Users/gt/CookScrap/VR/transitions-2-pretty-V/Chinese-Duck-and-Noodle-Stir-Fry.html
15,/Users/gt/CookScrap/VR/transitions-2-pretty-V/Chocolate-Almond-Sandwich-Cookies.html
9,/Users/gt/CookScrap/VR/transitions-2-pretty-V/Chocolate-and-Candy-Cane-Dipped-Cookies.html
20,/Users/gt/CookScrap/VR/transitions-2-pretty-V/Chocolate-Babka.html
6,/Users/gt/CookScrap/VR/transitions-2-pretty-V/Chocolate-Bowls-for-Ice-Cream.html
18,/Users/gt/CookScrap/VR/transitions-2-pretty-V/Chocolate-Caramel-Sandwiches.html
20,/Users/gt/CookScrap/VR/transitions-2-pretty-V/Chocolate-Cherry-Hazelnut-Biscotti.html
14,/Users/gt/CookScrap/VR/transitions-2-pretty-V/Chocolate-Chip-Cinnamon-Swirl-Ice-Cream.html
11,/Users/gt/CookScrap/VR/transitions-2-pretty-V/chocolate-chip-cookies-with-walnuts.html
9,/Users/gt/CookScrap/VR/transitions-2-pretty-V/chocolate-chip-cookies.html
8,/Users/gt/CookScrap/VR/transitions-2-pretty-V/chocolate-covered-coconut-balls.html
10,/Users/gt/CookScrap/VR/transitions-2-pretty-V/chocolate-covered-peanut-butter-balls.html
9,/Users/gt/CookScrap/VR/transitions-2-pretty-V/chocolate-covered-strawberries.html
6,/Users/gt/CookScrap/VR/transitions-2-pretty-V/chocolate-cupcakes-with-chambord-chocolate-ganache.html
27,/Users/gt/CookScrap/VR/transitions-2-pretty-V/chocolate-eclairs.html
10,/Users/gt/CookScrap/VR/transitions-2-pretty-V/chocolate-fudge-brownie-bites.html
18,/Users/gt/CookScrap/VR/transitions-2-pretty-V/Chocolate-Hazelnut-Cannoli-and-Pumpkin-Cannoli.html
19,/Users/gt/CookScrap/VR/transitions-2-pretty-V/Chocolate-Mint-Surprise-Christmas-Cookies.html
16,/Users/gt/CookScrap/VR/transitions-2-pretty-V/Chocolate-Pudding-Cake-&-Chocolate-Whipped-Cream.html
21,/Users/gt/CookScrap/VR/transitions-2-pretty-V/chocolate-souffle.html
12,/Users/gt/CookScrap/VR/transitions-2-pretty-V/Chocolate-Toffee-Oatmeal-Cherry-Cookies.html
8,/Users/gt/CookScrap/VR/transitions-2-pretty-V/Chocolate-Truffles.html
5,/Users/gt/CookScrap/VR/transitions-2-pretty-V/Cider-and-Haricot-Chicken-with-Mange-Tout.html
12,/Users/gt/CookScrap/VR/transitions-2-pretty-V/cinnamon-roll-cake.html
20,/Users/gt/CookScrap/VR/transitions-2-pretty-V/Cinnamon-Rolls.html
13,/Users/gt/CookScrap/VR/transitions-2-pretty-V/Citrus-Eccles-Cakes.html
15,/Users/gt/CookScrap/VR/transitions-2-pretty-V/Cocoa-Krispie-Peanut-Butter-Roll-Cookies.html
7,/Users/gt/CookScrap/VR/transitions-2-pretty-V/Coconut-Crab-Custard-Cakes-with-Chili-Coulis.html
11,/Users/gt/CookScrap/VR/transitions-2-pretty-V/Coconut-Cream-Caramel-&-Chocolate-Chrysalis.html
3,/Users/gt/CookScrap/VR/transitions-2-pretty-V/Coconut-Cream-Tarts.html
11,/Users/gt/CookScrap/VR/transitions-2-pretty-V/Coconut-Custard-Pie.html
5,/Users/gt/CookScrap/VR/transitions-2-pretty-V/Coconut-Ice-Cream-with-Cilantro-Syrup.html
2,/Users/gt/CookScrap/VR/transitions-2-pretty-V/Coconut-Island-with-a-Lemon-Sabayon-Sauce.html
2,/Users/gt/CookScrap/VR/transitions-2-pretty-V/coconut-rice-cake.html
13,/Users/gt/CookScrap/VR/transitions-2-pretty-V/coffee-cake-crumb-cake.html
15,/Users/gt/CookScrap/VR/transitions-2-pretty-V/Coffee-Ice-Cream-and-Mocha-Bread-Pudding.html
10,/Users/gt/CookScrap/VR/transitions-2-pretty-V/Coffee-Infused-Chocolate-Ganache-Tower.html
7,/Users/gt/CookScrap/VR/transitions-2-pretty-V/Coleslaw.html
9,/Users/gt/CookScrap/VR/transitions-2-pretty-V/Corn-Chowder.html
8,/Users/gt/CookScrap/VR/transitions-2-pretty-V/cornbread.html
11,/Users/gt/CookScrap/VR/transitions-2-pretty-V/Cornish-Hen-and-Blood-Orange-Pot-au-Feu.html
5,/Users/gt/CookScrap/VR/transitions-2-pretty-V/Crab-&-Callaloo.html
9,/Users/gt/CookScrap/VR/transitions-2-pretty-V/Crab-Stuffed-Salmon.html
11,/Users/gt/CookScrap/VR/transitions-2-pretty-V/Cranberry-Indulgences-Cookies.html
6,/Users/gt/CookScrap/VR/transitions-2-pretty-V/Cranberry-Pear-Tart-in-a-Walnut-Shortbread-Crust.html
13,/Users/gt/CookScrap/VR/transitions-2-pretty-V/Cranberry-Walnut-Bread.html
16,/Users/gt/CookScrap/VR/transitions-2-pretty-V/Cream-of-Peanut-Soup.html
6,/Users/gt/CookScrap/VR/transitions-2-pretty-V/Cream-Puff-Fritters.html
6,/Users/gt/CookScrap/VR/transitions-2-pretty-V/Creamy-Carrot-Soup.html
6,/Users/gt/CookScrap/VR/transitions-2-pretty-V/creamy-chicken-noodle-soup.html
7,/Users/gt/CookScrap/VR/transitions-2-pretty-V/Creamy-Salmon-Pasta.html
20,/Users/gt/CookScrap/VR/transitions-2-pretty-V/Crepe-Cake-with-Hazelnut-Meringue-and-Ganache.html
3,/Users/gt/CookScrap/VR/transitions-2-pretty-V/Crepes-with-Serrano-Ham,-Brie-and-Cantaloupe.html
4,/Users/gt/CookScrap/VR/transitions-2-pretty-V/Crunchy-Chicken-Bacon-Roulades.html
8,/Users/gt/CookScrap/VR/transitions-2-pretty-V/crunchy-cookies-with-dark-chocolate-covered-cacao-nibs.html
6,/Users/gt/CookScrap/VR/transitions-2-pretty-V/Cucumber-Jalapeno-Paletas---Mexican-Popsicles.html
3,/Users/gt/CookScrap/VR/transitions-2-pretty-V/Cucumber-Rounds-with-Hummus-and-Yogurt.html
6,/Users/gt/CookScrap/VR/transitions-2-pretty-V/Curried-Butternut-Squash-Bisque-with-Pepper-Coulis.html
1,/Users/gt/CookScrap/VR/transitions-2-pretty-V/curried-egg-salad-with-greek-yogurt-arugula-and-pistachios.html
4,/Users/gt/CookScrap/VR/transitions-2-pretty-V/Curried-Shortribs-with-Saffron-Risotto.html
14,/Users/gt/CookScrap/VR/transitions-2-pretty-V/Curried-Spinach-and-Potato.html
4,/Users/gt/CookScrap/VR/transitions-2-pretty-V/Dead-Simple-Salsa.html
20,/Users/gt/CookScrap/VR/transitions-2-pretty-V/Deep-Fried-Peanut-Puree-with-Blood-Orange-Bourbon-Sauce.html
20,/Users/gt/CookScrap/VR/transitions-2-pretty-V/Discada---How-to-Feed-30-People-with-$40.html
9,/Users/gt/CookScrap/VR/transitions-2-pretty-V/double-chocolate-cookies.html
8,/Users/gt/CookScrap/VR/transitions-2-pretty-V/Double-Chocolate-Pistachio-Biscotti.html
19,/Users/gt/CookScrap/VR/transitions-2-pretty-V/Dragon-Fruit-&-Gorgonzola-Salad-with-Ginger-Glaze.html
15,/Users/gt/CookScrap/VR/transitions-2-pretty-V/Drunken-Noodles.html
20,/Users/gt/CookScrap/VR/transitions-2-pretty-V/Drunken-Spaghetti-&-Meatballs-with-White-Wine-Marinara.html
12,/Users/gt/CookScrap/VR/transitions-2-pretty-V/Duck-Curry-Suriname-Style.html
5,/Users/gt/CookScrap/VR/transitions-2-pretty-V/Duck-with-Papaya-and-Green-Beans.html
14,/Users/gt/CookScrap/VR/transitions-2-pretty-V/easter-chocolate-rum-balls.html
10,/Users/gt/CookScrap/VR/transitions-2-pretty-V/Easy-Cheesy--Crustless-Quiche.html
12,/Users/gt/CookScrap/VR/transitions-2-pretty-V/easy-chicken-marsala.html
14,/Users/gt/CookScrap/VR/transitions-2-pretty-V/easy-chili.html
15,/Users/gt/CookScrap/VR/transitions-2-pretty-V/Easy-Creme-Brulee.html
6,/Users/gt/CookScrap/VR/transitions-2-pretty-V/Easy-Mac-and-Cheese.html
6,/Users/gt/CookScrap/VR/transitions-2-pretty-V/Easy-Meatballs.html
5,/Users/gt/CookScrap/VR/transitions-2-pretty-V/easy-orange-chicken.html
9,/Users/gt/CookScrap/VR/transitions-2-pretty-V/Easy-Panini.html
10,/Users/gt/CookScrap/VR/transitions-2-pretty-V/Easy-Pepper-Jack-Chicken-Enchiladas-and-Salsa.html
8,/Users/gt/CookScrap/VR/transitions-2-pretty-V/Easy-Sausage-Hash.html
4,/Users/gt/CookScrap/VR/transitions-2-pretty-V/Easy-Shepherd's-Pie.html
15,/Users/gt/CookScrap/VR/transitions-2-pretty-V/Easy-Three-Cheese-Baked-Ziti.html
14,/Users/gt/CookScrap/VR/transitions-2-pretty-V/Easy-Turkey-Burritos.html
0,/Users/gt/CookScrap/VR/transitions-2-pretty-V/eggnog-and-quail-egg-shooters.html
16,/Users/gt/CookScrap/VR/transitions-2-pretty-V/Eggplant-Wallets.html
8,/Users/gt/CookScrap/VR/transitions-2-pretty-V/Eggs-Benedict-with-Peanut-Butter-Hollandaise.html
11,/Users/gt/CookScrap/VR/transitions-2-pretty-V/Espresso-Bean-Coffee-Toffee-with-Chocolate-Glaze.html
12,/Users/gt/CookScrap/VR/transitions-2-pretty-V/Essex-Style-English-Sirloin-Steak.html
17,/Users/gt/CookScrap/VR/transitions-2-pretty-V/Extremely-Rich-Broccoli-&-Cheese-Homemade-Soup.html
18,/Users/gt/CookScrap/VR/transitions-2-pretty-V/Fauxstachio-Soy-Nut-Ice-Cream.html
9,/Users/gt/CookScrap/VR/transitions-2-pretty-V/Fettuccini-Alfredo.html
7,/Users/gt/CookScrap/VR/transitions-2-pretty-V/Filipino-BBQ.html
9,/Users/gt/CookScrap/VR/transitions-2-pretty-V/Filipino-Style-Spaghetti.html
14,/Users/gt/CookScrap/VR/transitions-2-pretty-V/five-spice-meat-roll-ngoh-hiang.html
6,/Users/gt/CookScrap/VR/transitions-2-pretty-V/Flaky-Pastry-Crust.html
15,/Users/gt/CookScrap/VR/transitions-2-pretty-V/Flan-with-Roasted-Pears.html
20,/Users/gt/CookScrap/VR/transitions-2-pretty-V/flan.html
9,/Users/gt/CookScrap/VR/transitions-2-pretty-V/fortune-cookies.html
6,/Users/gt/CookScrap/VR/transitions-2-pretty-V/French-Apple-Pie.html
8,/Users/gt/CookScrap/VR/transitions-2-pretty-V/French-Onion-Soup.html
16,/Users/gt/CookScrap/VR/transitions-2-pretty-V/Fried-Fontina-&-Celeriac-with-Dill-Beer-Sauce.html
6,/Users/gt/CookScrap/VR/transitions-2-pretty-V/Fried-Key-Lime-Ravioli-with-Creme-Chantilly.html
9,/Users/gt/CookScrap/VR/transitions-2-pretty-V/Fried-Oyster-Po-Boy-Crostini-with-Buttermilk-Remoulade.html
10,/Users/gt/CookScrap/VR/transitions-2-pretty-V/Fried-Potato-Farls.html
20,/Users/gt/CookScrap/VR/transitions-2-pretty-V/Fried-Shrimp-Wontons.html
5,/Users/gt/CookScrap/VR/transitions-2-pretty-V/Fried-Tofu-with-Balsamico-+-Kalamata-Olive-Relish.html
0,/Users/gt/CookScrap/VR/transitions-2-pretty-V/fruit-pudding.html
16,/Users/gt/CookScrap/VR/transitions-2-pretty-V/fudgy-brownies.html
14,/Users/gt/CookScrap/VR/transitions-2-pretty-V/Garlic-and-Sesame-Green-Bean-Salad.html
11,/Users/gt/CookScrap/VR/transitions-2-pretty-V/Garlic-Cheese-Bread---Restaurant-Style.html
9,/Users/gt/CookScrap/VR/transitions-2-pretty-V/Garlic-Pork-(Amerindian-Recipe-from-Guyana).html
19,/Users/gt/CookScrap/VR/transitions-2-pretty-V/Garlic-Smashed-Potatoes.html
9,/Users/gt/CookScrap/VR/transitions-2-pretty-V/General-Tso's-Chicken.html
6,/Users/gt/CookScrap/VR/transitions-2-pretty-V/German-Egg--Pancakes-with-Lemon.html
19,/Users/gt/CookScrap/VR/transitions-2-pretty-V/Gigantic-Mushroom-Swiss-Stuffed-Burgers.html
11,/Users/gt/CookScrap/VR/transitions-2-pretty-V/Ginger-Ale-Poached-Pear-with-Gorgonzola-Filling.html
4,/Users/gt/CookScrap/VR/transitions-2-pretty-V/Ginger-Bacon-Cookies.html
7,/Users/gt/CookScrap/VR/transitions-2-pretty-V/Ginger-Cookies.html
12,/Users/gt/CookScrap/VR/transitions-2-pretty-V/Ginger-Habanero-Glazed-Carrots.html
13,/Users/gt/CookScrap/VR/transitions-2-pretty-V/Ginger-Snaps.html
20,/Users/gt/CookScrap/VR/transitions-2-pretty-V/Ginger-Sweet-Potato-Gnocchi-&-Garlic-Cream-Sauce.html
5,/Users/gt/CookScrap/VR/transitions-2-pretty-V/Goat-Cheese-and-Caramelized-Onion-Ice-Cream.html
8,/Users/gt/CookScrap/VR/transitions-2-pretty-V/golabki-polish-stuffed-cabbage-rolls.html
17,/Users/gt/CookScrap/VR/transitions-2-pretty-V/Goose-and-Wild-Mushroom-Lasagna.html
4,/Users/gt/CookScrap/VR/transitions-2-pretty-V/Grapefruit-Jelly-with-Candied-Capicolla-Crisp.html
5,/Users/gt/CookScrap/VR/transitions-2-pretty-V/greek-salad-noodles-and-company-med-salad-dressing.html
8,/Users/gt/CookScrap/VR/transitions-2-pretty-V/grilled-cheese-sandwich.html
8,/Users/gt/CookScrap/VR/transitions-2-pretty-V/Grilled-Pork-Ribs.html
18,/Users/gt/CookScrap/VR/transitions-2-pretty-V/Grilled-Turkey-Tacos-with-Coffee-Mole.html
13,/Users/gt/CookScrap/VR/transitions-2-pretty-V/Guacamole.html
14,/Users/gt/CookScrap/VR/transitions-2-pretty-V/guacamole1.html
20,/Users/gt/CookScrap/VR/transitions-2-pretty-V/Guinness-Cheesecake.html
9,/Users/gt/CookScrap/VR/transitions-2-pretty-V/Gyoza-(Japanese-Dumplings).html
0,/Users/gt/CookScrap/VR/transitions-2-pretty-V/halloween-chicken-fingers.html
7,/Users/gt/CookScrap/VR/transitions-2-pretty-V/Halloween-Eyeball-Tacos.html
7,/Users/gt/CookScrap/VR/transitions-2-pretty-V/Halloween-Ghost-Candy.html
14,/Users/gt/CookScrap/VR/transitions-2-pretty-V/Halloween-Marshmallow-Mummy-in-Maggot-Filled-Dirt.html
5,/Users/gt/CookScrap/VR/transitions-2-pretty-V/Ham,-Edamame,-Mint-Pasta-+-Truffled-Breadcrumbs.html
15,/Users/gt/CookScrap/VR/transitions-2-pretty-V/Ham-and-Beans.html
12,/Users/gt/CookScrap/VR/transitions-2-pretty-V/hawaiian-carrot-cake.html
7,/Users/gt/CookScrap/VR/transitions-2-pretty-V/Hawaiian-Mood-Cookies-and-Cupcakes.html
5,/Users/gt/CookScrap/VR/transitions-2-pretty-V/Healthy-Fruit-Smoothie.html
7,/Users/gt/CookScrap/VR/transitions-2-pretty-V/hearty-chicken-and-grilled-corn-soup.html
10,/Users/gt/CookScrap/VR/transitions-2-pretty-V/hearty-chicken-noodle-soup.html
3,/Users/gt/CookScrap/VR/transitions-2-pretty-V/Hearty-Texas-Chili.html
10,/Users/gt/CookScrap/VR/transitions-2-pretty-V/Hector's-Exorcism-Sauce-for-Chicken-Wings.html
17,/Users/gt/CookScrap/VR/transitions-2-pretty-V/Herbed-Goat-Cheese-Spread-with-Preserved-Garlic.html
18,/Users/gt/CookScrap/VR/transitions-2-pretty-V/Homemade-Pasta-with-Alfredo-Sauce.html
10,/Users/gt/CookScrap/VR/transitions-2-pretty-V/Homemade-Pizza-Dough.html
9,/Users/gt/CookScrap/VR/transitions-2-pretty-V/Honey-Soy-Chicken.html
7,/Users/gt/CookScrap/VR/transitions-2-pretty-V/Honey-Vegetable-Stir-Fry.html
3,/Users/gt/CookScrap/VR/transitions-2-pretty-V/Honeydew-Melon-and-Cucumber-Adult-Beverage.html
3,/Users/gt/CookScrap/VR/transitions-2-pretty-V/Horiatiki-Salata---Greek-Salad.html
16,/Users/gt/CookScrap/VR/transitions-2-pretty-V/Hot-Corn-Dip.html
16,/Users/gt/CookScrap/VR/transitions-2-pretty-V/how-to-make-a-cheesecake.html
9,/Users/gt/CookScrap/VR/transitions-2-pretty-V/How-To-Make-Apple-Butter.html
26,/Users/gt/CookScrap/VR/transitions-2-pretty-V/how-to-make-donuts.html
13,/Users/gt/CookScrap/VR/transitions-2-pretty-V/How-To-Make-Grape-Jelly.html
6,/Users/gt/CookScrap/VR/transitions-2-pretty-V/how-to-make-meaty-spaghetti-sauce.html
7,/Users/gt/CookScrap/VR/transitions-2-pretty-V/How-to-Make-Pickles---Refrigerator-Pickles.html
16,/Users/gt/CookScrap/VR/transitions-2-pretty-V/How-To-Make-Pizza.html
5,/Users/gt/CookScrap/VR/transitions-2-pretty-V/how-to-make-strawberry-sauce.html
8,/Users/gt/CookScrap/VR/transitions-2-pretty-V/How-To-Make-Sushi.html
10,/Users/gt/CookScrap/VR/transitions-2-pretty-V/How-To-Make-Your-Own-Chili-Powder.html
8,/Users/gt/CookScrap/VR/transitions-2-pretty-V/How-To-Slow-Cook-and-Smoke-Pork.html
20,/Users/gt/CookScrap/VR/transitions-2-pretty-V/Huevos-Rancheros-+-How-to-Poach-an-Egg.html
7,/Users/gt/CookScrap/VR/transitions-2-pretty-V/Indonesian-Chicken-and-Rice-&-Rocket-&-Mango-Salad.html
20,/Users/gt/CookScrap/VR/transitions-2-pretty-V/Ink-Marinated-Calamari-+-Pesto-an-Red-Pepper-Salad.html
2,/Users/gt/CookScrap/VR/transitions-2-pretty-V/insalata-caprese1.html
13,/Users/gt/CookScrap/VR/transitions-2-pretty-V/Inside-Out-Peanut-Butter-and-Jelly-Sandwich.html
11,/Users/gt/CookScrap/VR/transitions-2-pretty-V/irish-chocolate-bomb-cakes.html
6,/Users/gt/CookScrap/VR/transitions-2-pretty-V/Israeli-Couscous-with-Coriander-&--Baby-Turnips.html
15,/Users/gt/CookScrap/VR/transitions-2-pretty-V/It's-Almost-Fall-Cookies.html
5,/Users/gt/CookScrap/VR/transitions-2-pretty-V/italian-lemon-butter-chicken.html
6,/Users/gt/CookScrap/VR/transitions-2-pretty-V/Italian-style-Fried-Rice.html
12,/Users/gt/CookScrap/VR/transitions-2-pretty-V/Jambalaya.html
5,/Users/gt/CookScrap/VR/transitions-2-pretty-V/japanese-curry-puffs-curry-bread.html
5,/Users/gt/CookScrap/VR/transitions-2-pretty-V/japanese-fried-rice.html
5,/Users/gt/CookScrap/VR/transitions-2-pretty-V/japanese-mabo-tofu-with-eggplant.html
3,/Users/gt/CookScrap/VR/transitions-2-pretty-V/japanese-pasta-with-mushrooms-and-watercress-in-soy-and-butter-sauce.html
9,/Users/gt/CookScrap/VR/transitions-2-pretty-V/Japanese-Style-Pizza.html
11,/Users/gt/CookScrap/VR/transitions-2-pretty-V/Khoresh-Gheimeh---Persian-Split-Pea-Stew.html
12,/Users/gt/CookScrap/VR/transitions-2-pretty-V/Lamb-Cutlets-with-Chestnut-Mushrooms.html
20,/Users/gt/CookScrap/VR/transitions-2-pretty-V/Lasagna-&-Garlic-Bread.html
20,/Users/gt/CookScrap/VR/transitions-2-pretty-V/Lasagna-with-Bechamel-Sauce.html
15,/Users/gt/CookScrap/VR/transitions-2-pretty-V/Lasagna.html
7,/Users/gt/CookScrap/VR/transitions-2-pretty-V/Latkes.html
12,/Users/gt/CookScrap/VR/transitions-2-pretty-V/Lefse.html
7,/Users/gt/CookScrap/VR/transitions-2-pretty-V/Lemongrass-Crab-Cakes-with-Sriracha-Mayo.html
4,/Users/gt/CookScrap/VR/transitions-2-pretty-V/linguine-salad-supreme.html
4,/Users/gt/CookScrap/VR/transitions-2-pretty-V/Linguine-with-Vegetable-Medley.html
8,/Users/gt/CookScrap/VR/transitions-2-pretty-V/Linguine-Zucchini-Carbonara-+-Romano-+-Pancetta.html
10,/Users/gt/CookScrap/VR/transitions-2-pretty-V/Lobster,-Shrimp,-and-Mushrooms-in-Rosemary-Veloute.html
7,/Users/gt/CookScrap/VR/transitions-2-pretty-V/Low-Carb-Crepes.html
11,/Users/gt/CookScrap/VR/transitions-2-pretty-V/Lumpiang-Sariwa---Fresh-Egg-Roll.html
8,/Users/gt/CookScrap/VR/transitions-2-pretty-V/Lumpiang-Shanghai---Filipino-Spring-Rolls.html
20,/Users/gt/CookScrap/VR/transitions-2-pretty-V/Magnolia's-Chocolate-Cupcakes-with-Buttercream.html
6,/Users/gt/CookScrap/VR/transitions-2-pretty-V/Making-an-Omelette.html
11,/Users/gt/CookScrap/VR/transitions-2-pretty-V/Making-Risotto.html
20,/Users/gt/CookScrap/VR/transitions-2-pretty-V/Mandarin-Orange-Cheesecake.html
17,/Users/gt/CookScrap/VR/transitions-2-pretty-V/Marinated-Mozzarella-and-Veggie-Pizza.html
4,/Users/gt/CookScrap/VR/transitions-2-pretty-V/Marshmallow-&-Hot-Dog-Finger-Food.html
8,/Users/gt/CookScrap/VR/transitions-2-pretty-V/Mayonnaised-Grouper-Scampi.html
7,/Users/gt/CookScrap/VR/transitions-2-pretty-V/meatball-sub-sandwich.html
17,/Users/gt/CookScrap/VR/transitions-2-pretty-V/Meatloaf-and-Macaroni-and-Cheese.html
6,/Users/gt/CookScrap/VR/transitions-2-pretty-V/Meatloaf-Roll.html
8,/Users/gt/CookScrap/VR/transitions-2-pretty-V/meatloaf.html
14,/Users/gt/CookScrap/VR/transitions-2-pretty-V/Mediterranean-Style-Marinated-Chicken.html
17,/Users/gt/CookScrap/VR/transitions-2-pretty-V/Melon-and-Ginger---Sushi-Style-&-Prosciutto-Style.html
20,/Users/gt/CookScrap/VR/transitions-2-pretty-V/Menudo-de-Soya.html
18,/Users/gt/CookScrap/VR/transitions-2-pretty-V/Mima's-Hungarian-Jelly-Bars.html
18,/Users/gt/CookScrap/VR/transitions-2-pretty-V/Mint-White-Chocolate-Mousse-&-Dark-Chocolate-Chile-Brownie.html
11,/Users/gt/CookScrap/VR/transitions-2-pretty-V/Mocha-Almond-Fudge-Pie.html
18,/Users/gt/CookScrap/VR/transitions-2-pretty-V/mojito-cupcakes.html
17,/Users/gt/CookScrap/VR/transitions-2-pretty-V/Molten-Chocolate-Bourbon-Cake.html
10,/Users/gt/CookScrap/VR/transitions-2-pretty-V/Morning-Buns.html
5,/Users/gt/CookScrap/VR/transitions-2-pretty-V/Morning-Marinated-Grilled-Chicken.html
17,/Users/gt/CookScrap/VR/transitions-2-pretty-V/Moroccan-Chicken-with-CousCous.html
7,/Users/gt/CookScrap/VR/transitions-2-pretty-V/Moroccan-Chicken-with-Dates-and-Apples.html
9,/Users/gt/CookScrap/VR/transitions-2-pretty-V/Mushroom-Sandwich.html
11,/Users/gt/CookScrap/VR/transitions-2-pretty-V/mushrooms-hams-and-cheese-omelette.html
14,/Users/gt/CookScrap/VR/transitions-2-pretty-V/Mussel-Soup---How-To-Prepare-Mussels.html
5,/Users/gt/CookScrap/VR/transitions-2-pretty-V/Mussels-in-a-Beer-Broth.html
7,/Users/gt/CookScrap/VR/transitions-2-pretty-V/Mustard-Seasoned-Chicken-with-Pasta.html
4,/Users/gt/CookScrap/VR/transitions-2-pretty-V/No-Bake-Oatmeal-Cookies.html
16,/Users/gt/CookScrap/VR/transitions-2-pretty-V/No-Peek-Beef-Stew.html
13,/Users/gt/CookScrap/VR/transitions-2-pretty-V/Nori-Paupiettes-with-Cognac-Peppercorn-Sauce.html
13,/Users/gt/CookScrap/VR/transitions-2-pretty-V/Nutella-Peanut-Butter-Cookies.html
11,/Users/gt/CookScrap/VR/transitions-2-pretty-V/oatmeal-raisin-cookies.html
12,/Users/gt/CookScrap/VR/transitions-2-pretty-V/Okonomiyaki-aka-Japanese-Pizza.html
3,/Users/gt/CookScrap/VR/transitions-2-pretty-V/Old-Fashioned-Simple-Meatloaf.html
7,/Users/gt/CookScrap/VR/transitions-2-pretty-V/olive-garden-breadsticks,-pizza-hut-cheesesticks.html
4,/Users/gt/CookScrap/VR/transitions-2-pretty-V/olive-tomato-spaghetti-in-butter-sauce.html
8,/Users/gt/CookScrap/VR/transitions-2-pretty-V/Omelet-with-Mushrooms,-Ham-and-Cheddar.html
7,/Users/gt/CookScrap/VR/transitions-2-pretty-V/omusoba-japanese-omelet-with-stir-fried-noodles-and-vegetables.html
5,/Users/gt/CookScrap/VR/transitions-2-pretty-V/onigiri-japanese-rice-balls.html
17,/Users/gt/CookScrap/VR/transitions-2-pretty-V/Open-Faced-Roast-Beef-Asiago-Sandwiches.html
6,/Users/gt/CookScrap/VR/transitions-2-pretty-V/Orange-Chocolate-Cheesecake.html
7,/Users/gt/CookScrap/VR/transitions-2-pretty-V/Orange-Mascarpone-Brulee.html
9,/Users/gt/CookScrap/VR/transitions-2-pretty-V/Oreo-Truffles---Oreo-Balls---Oreo-Truffle-Cookies.html
8,/Users/gt/CookScrap/VR/transitions-2-pretty-V/Oriental-Duck-and-Mushroom-Soup.html
6,/Users/gt/CookScrap/VR/transitions-2-pretty-V/Oriental-Hot-and-Sour-Pumpkin-Soup.html
5,/Users/gt/CookScrap/VR/transitions-2-pretty-V/oshitashi-boiled-spinach-with-soy-and-sesame-seeds.html
4,/Users/gt/CookScrap/VR/transitions-2-pretty-V/Oyakodon.html
10,/Users/gt/CookScrap/VR/transitions-2-pretty-V/Paccheri-Ripieni-with-Mozzarella-and-Ricotta.html
13,/Users/gt/CookScrap/VR/transitions-2-pretty-V/Pad-Kra-Pow-Gai.html
16,/Users/gt/CookScrap/VR/transitions-2-pretty-V/Pan-Fried-Ahi-Tuna-Steaks-with-Tomato-Basil-Salsa.html
7,/Users/gt/CookScrap/VR/transitions-2-pretty-V/pan-fried-catfish.html
7,/Users/gt/CookScrap/VR/transitions-2-pretty-V/Pancit-Canton.html
3,/Users/gt/CookScrap/VR/transitions-2-pretty-V/Pandan-Chicken.html
12,/Users/gt/CookScrap/VR/transitions-2-pretty-V/Pandan-Pudding.html
6,/Users/gt/CookScrap/VR/transitions-2-pretty-V/Panko-Crusted-Ahi-Tuna-with-Coconut-Cilantro-Rice.html
8,/Users/gt/CookScrap/VR/transitions-2-pretty-V/Panko-Crusted-Pork-with-Aioli.html
5,/Users/gt/CookScrap/VR/transitions-2-pretty-V/papaya-pie.html
17,/Users/gt/CookScrap/VR/transitions-2-pretty-V/Pasta-Al-Sugo-Di-Salcisse-Pasta-with-sausage-Sauce.html
17,/Users/gt/CookScrap/VR/transitions-2-pretty-V/Peach-Mousse-in-a-Pecan-Cursted-Cannoli.html
11,/Users/gt/CookScrap/VR/transitions-2-pretty-V/peach-muffins-with-pecan-streusel-topping.html
5,/Users/gt/CookScrap/VR/transitions-2-pretty-V/Peanut-Butter-Bread.html
8,/Users/gt/CookScrap/VR/transitions-2-pretty-V/Peanut-Butter-Cookies.html
13,/Users/gt/CookScrap/VR/transitions-2-pretty-V/peanut-butter-cup-cookies.html
8,/Users/gt/CookScrap/VR/transitions-2-pretty-V/peanut-butter-pie.html
7,/Users/gt/CookScrap/VR/transitions-2-pretty-V/Pear-Brandy-and-Ginger-Truffles.html
19,/Users/gt/CookScrap/VR/transitions-2-pretty-V/Pecan-Crusted-Duck-+-Pumpkin-Morel-Stuffed-Roulade.html
10,/Users/gt/CookScrap/VR/transitions-2-pretty-V/Pecan-Logs,-Russian-Tea---Mexican-Wedding-Cakes.html
19,/Users/gt/CookScrap/VR/transitions-2-pretty-V/Pecan-Pie---The-Most-Delicious-on-Earth.html
14,/Users/gt/CookScrap/VR/transitions-2-pretty-V/Pecan-Raisin-Swirl-Cookies.html
5,/Users/gt/CookScrap/VR/transitions-2-pretty-V/Pepper-Steak.html
10,/Users/gt/CookScrap/VR/transitions-2-pretty-V/Perfect-Pancakes.html
8,/Users/gt/CookScrap/VR/transitions-2-pretty-V/pine-nut-cookies.html
5,/Users/gt/CookScrap/VR/transitions-2-pretty-V/Pinoy-Menudo.html
18,/Users/gt/CookScrap/VR/transitions-2-pretty-V/Pizza-with-Sausage,-Smoked-Mozzarella-and-Pesto.html
4,/Users/gt/CookScrap/VR/transitions-2-pretty-V/Pizzas-with-Fresh-Mozzarella,-Pine-Nuts-and-Basil.html
9,/Users/gt/CookScrap/VR/transitions-2-pretty-V/Poached-Lemon-Fish.html
11,/Users/gt/CookScrap/VR/transitions-2-pretty-V/Polynesian-Style-Pineapple-Chicken-Bacon-Skewers.html
12,/Users/gt/CookScrap/VR/transitions-2-pretty-V/Pork-Char-Siu---Cantonese-Style-Roasted-Pork.html
6,/Users/gt/CookScrap/VR/transitions-2-pretty-V/Pork-Chops.html
9,/Users/gt/CookScrap/VR/transitions-2-pretty-V/Pork-Katsudon.html
6,/Users/gt/CookScrap/VR/transitions-2-pretty-V/Pork-Sinigang.html
8,/Users/gt/CookScrap/VR/transitions-2-pretty-V/Pork-Tenderloin-+-Garlic-Herb-Coating-+-Pancetta.html
15,/Users/gt/CookScrap/VR/transitions-2-pretty-V/Pork-with-Blackberry-Gastrique-and-Mango-Salsa.html
6,/Users/gt/CookScrap/VR/transitions-2-pretty-V/Pork-with-Coffee-Peanut-Sauce.html
11,/Users/gt/CookScrap/VR/transitions-2-pretty-V/Pot-Stickers---Chinese-Dumplings.html
12,/Users/gt/CookScrap/VR/transitions-2-pretty-V/Potato-and-Mushroom-Lasagna-with-Scallops-+-Nage.html
11,/Users/gt/CookScrap/VR/transitions-2-pretty-V/Potato-and-Vegetable-Frittata.html
8,/Users/gt/CookScrap/VR/transitions-2-pretty-V/Potato-Cakes-+-Red-Onion-Jam-+-Goat-Cheese-Cream.html
6,/Users/gt/CookScrap/VR/transitions-2-pretty-V/Potato-Chips-with-Chicken-and-Thyme-Seasoning.html
6,/Users/gt/CookScrap/VR/transitions-2-pretty-V/potato-curry-with-curd.html
8,/Users/gt/CookScrap/VR/transitions-2-pretty-V/Potato-Leek-Chowder.html
20,/Users/gt/CookScrap/VR/transitions-2-pretty-V/Pound-Cake.html
7,/Users/gt/CookScrap/VR/transitions-2-pretty-V/puff-pastry-pizza-puff-pizza.html
5,/Users/gt/CookScrap/VR/transitions-2-pretty-V/Pumpkin-&-Black-Bean-Burritos.html
8,/Users/gt/CookScrap/VR/transitions-2-pretty-V/Pumpkin-and-Mushroom-Risotto.html
9,/Users/gt/CookScrap/VR/transitions-2-pretty-V/Pumpkin-Cake-Roll-with-Vanilla-Cream-Cheese.html
17,/Users/gt/CookScrap/VR/transitions-2-pretty-V/Pumpkin-Cheesecake.html
2,/Users/gt/CookScrap/VR/transitions-2-pretty-V/Pumpkin-Cranberry-Salad-&-Apple-Cider-Vinaigrette.html
10,/Users/gt/CookScrap/VR/transitions-2-pretty-V/Pumpkin-Creme-Brulee-with-Cinnamon-Whipped-Cream.html
5,/Users/gt/CookScrap/VR/transitions-2-pretty-V/Pumpkin-Fritters-with-Almond-Icing.html
9,/Users/gt/CookScrap/VR/transitions-2-pretty-V/Pumpkin-Fudge-with-Chocolate-and-Pumpkin-Seed-Tops.html
11,/Users/gt/CookScrap/VR/transitions-2-pretty-V/Pumpkin-Gnocchi-with-Coriander-Almond-Pesto.html
8,/Users/gt/CookScrap/VR/transitions-2-pretty-V/Pumpkin-Gnocchi-with-Hazelnut-Cream-Sauce.html
3,/Users/gt/CookScrap/VR/transitions-2-pretty-V/Pumpkin-Ice-Cream-Pie-&-Vanilla-Whipped-Cream.html
10,/Users/gt/CookScrap/VR/transitions-2-pretty-V/Pumpkin-Mousse-with-Cream-and-Dark-Chocolate.html
13,/Users/gt/CookScrap/VR/transitions-2-pretty-V/Pumpkin-Mousse-with-Pumpkin-Seed-Snaps.html
8,/Users/gt/CookScrap/VR/transitions-2-pretty-V/Pumpkin-Shrimp-Gyoza-with-Roasted-Red-Chili-Sauce.html
8,/Users/gt/CookScrap/VR/transitions-2-pretty-V/Pumpkin-Soup-with-Mussels.html
9,/Users/gt/CookScrap/VR/transitions-2-pretty-V/Pumpkin-Sun-Dried-Tomato-Ravioli-&-Beurre-Blanc.html
4,/Users/gt/CookScrap/VR/transitions-2-pretty-V/Quick-and-Easy-Chocolate-Pudding.html
4,/Users/gt/CookScrap/VR/transitions-2-pretty-V/Quick-and-Easy-Pesto.html
6,/Users/gt/CookScrap/VR/transitions-2-pretty-V/Quick-Cold-Antipasto.html
1,/Users/gt/CookScrap/VR/transitions-2-pretty-V/quick-low-fat-crab-dip.html
8,/Users/gt/CookScrap/VR/transitions-2-pretty-V/Quick-Pizza---Canadian-Bacon-and-Pineapple.html
12,/Users/gt/CookScrap/VR/transitions-2-pretty-V/Quick-Tiramisu.html
2,/Users/gt/CookScrap/VR/transitions-2-pretty-V/Quinoa,-Pine-nuts-and-Sausage-Stuffed-Pumpkin.html
14,/Users/gt/CookScrap/VR/transitions-2-pretty-V/Rectangular-Sambusac-aka-Samosa.html
17,/Users/gt/CookScrap/VR/transitions-2-pretty-V/Red-Bean-Paste-Steamed-Buns.html
13,/Users/gt/CookScrap/VR/transitions-2-pretty-V/Red-Eye-Beans-and-Rice.html
3,/Users/gt/CookScrap/VR/transitions-2-pretty-V/Red-Eye-Gravy.html
4,/Users/gt/CookScrap/VR/transitions-2-pretty-V/Red-Wine-and-Fig-Jam.html
4,/Users/gt/CookScrap/VR/transitions-2-pretty-V/refreshing-lemonade.html
10,/Users/gt/CookScrap/VR/transitions-2-pretty-V/rice-pudding.html
20,/Users/gt/CookScrap/VR/transitions-2-pretty-V/Rich-Chocolate-Brownies-with-Strawberry-Jelly.html
13,/Users/gt/CookScrap/VR/transitions-2-pretty-V/Ricotta-Pie-with-Candied-Tangerines.html
5,/Users/gt/CookScrap/VR/transitions-2-pretty-V/rigatoni-with-sweet-sausages-in-creamy-tomato-sauce.html
12,/Users/gt/CookScrap/VR/transitions-2-pretty-V/roast-chicken.html
9,/Users/gt/CookScrap/VR/transitions-2-pretty-V/Roast-Leg-of-Lamb---African-Cucumber-Salad.html
5,/Users/gt/CookScrap/VR/transitions-2-pretty-V/Roast-Tomato-Tart-with-Asparagus.html
6,/Users/gt/CookScrap/VR/transitions-2-pretty-V/Roasted-Garlic-Fettucine-with-Tomato-Alfredo.html
6,/Users/gt/CookScrap/VR/transitions-2-pretty-V/Rogan-Josh.html
20,/Users/gt/CookScrap/VR/transitions-2-pretty-V/Root-Beer-Jelly---Jam----Guide-to-Canning-at-Home.html
7,/Users/gt/CookScrap/VR/transitions-2-pretty-V/rosemary-potato-salad.html
9,/Users/gt/CookScrap/VR/transitions-2-pretty-V/Rotini-with-Italian-Sausage,--Zucchini,-and-Squash.html
11,/Users/gt/CookScrap/VR/transitions-2-pretty-V/S'more-Cookie-Bars.html
13,/Users/gt/CookScrap/VR/transitions-2-pretty-V/Saffron-Risotto-&-Lobster-&-Lemon-Caviar-Ravioli.html
4,/Users/gt/CookScrap/VR/transitions-2-pretty-V/Sake-Poached-Black-Cod-with-Sake-Soy-Miso-Glaze.html
6,/Users/gt/CookScrap/VR/transitions-2-pretty-V/Salad---Fuji-Apple,-Bacon,-Frisee,-Toasted-Pecans.html
5,/Users/gt/CookScrap/VR/transitions-2-pretty-V/Salmon-Croquettes-with-Cucumber-Dill-Sauce.html
8,/Users/gt/CookScrap/VR/transitions-2-pretty-V/Sapporo-Braised-Short-Ribs-With-Teriyaki-Sauce.html
12,/Users/gt/CookScrap/VR/transitions-2-pretty-V/Satsuma-&-Butternut-Squash-Bisque-&-Andouille-Sausage.html
9,/Users/gt/CookScrap/VR/transitions-2-pretty-V/Saucy-Curry-Chicken-and-Tagliatelle.html
15,/Users/gt/CookScrap/VR/transitions-2-pretty-V/Sausage-and-Warm-Potato-Salad-Supper.html
12,/Users/gt/CookScrap/VR/transitions-2-pretty-V/Sausage-Buns.html
10,/Users/gt/CookScrap/VR/transitions-2-pretty-V/sauteed-shrimp-with-garlic.html
15,/Users/gt/CookScrap/VR/transitions-2-pretty-V/Seafood,-Cornish-Hen,-and-Walnut-Veloute.html
10,/Users/gt/CookScrap/VR/transitions-2-pretty-V/seafood-porridge.html
10,/Users/gt/CookScrap/VR/transitions-2-pretty-V/Seafood-Pot-Pie.html
10,/Users/gt/CookScrap/VR/transitions-2-pretty-V/Seafood-Zucchini-Ravioli-in-a-Bourbon-Sauce.html
9,/Users/gt/CookScrap/VR/transitions-2-pretty-V/Sesame-Crusted-Tuna-&-Avocado-Puree-&-Ratatouille.html
4,/Users/gt/CookScrap/VR/transitions-2-pretty-V/Sesame-Crusted-Yellowfin-Cobb-Salad.html
17,/Users/gt/CookScrap/VR/transitions-2-pretty-V/shepherds-pie.html
6,/Users/gt/CookScrap/VR/transitions-2-pretty-V/Sherry-and-Mushroom-Soup.html
12,/Users/gt/CookScrap/VR/transitions-2-pretty-V/Shortbread-Cookie.html
12,/Users/gt/CookScrap/VR/transitions-2-pretty-V/Shrimp,-Crab,-and-Broccoli-Quiche.html
4,/Users/gt/CookScrap/VR/transitions-2-pretty-V/Shrimp-+-Curry-Mustard-Rice-Salad-+-Avocado-Sauce.html
5,/Users/gt/CookScrap/VR/transitions-2-pretty-V/Shrimp-Cobb-Salad.html
4,/Users/gt/CookScrap/VR/transitions-2-pretty-V/shrimp-pilaf.html
9,/Users/gt/CookScrap/VR/transitions-2-pretty-V/Simple-Brownies.html
5,/Users/gt/CookScrap/VR/transitions-2-pretty-V/Simple-Paella.html
5,/Users/gt/CookScrap/VR/transitions-2-pretty-V/Simple-Pizza.html
4,/Users/gt/CookScrap/VR/transitions-2-pretty-V/Simple-Roast-Chicken-and-Vegetables.html
10,/Users/gt/CookScrap/VR/transitions-2-pretty-V/Simple-Tuna-and-Rice-Faux-Stir-Fry-Salad.html
5,/Users/gt/CookScrap/VR/transitions-2-pretty-V/sloppy-joes.html
3,/Users/gt/CookScrap/VR/transitions-2-pretty-V/Smoked-Garlic-Crab.html
7,/Users/gt/CookScrap/VR/transitions-2-pretty-V/Smorz-Cereal-Treats.html
3,/Users/gt/CookScrap/VR/transitions-2-pretty-V/soba-noodle-soup-with-berkshire-pork-sausages.html
11,/Users/gt/CookScrap/VR/transitions-2-pretty-V/soft-pretzels-mall-pretzels.html
7,/Users/gt/CookScrap/VR/transitions-2-pretty-V/sour-cream-chicken.html
14,/Users/gt/CookScrap/VR/transitions-2-pretty-V/Sourdough-Focaccia.html
7,/Users/gt/CookScrap/VR/transitions-2-pretty-V/southern-pecan-pie-bars.html
3,/Users/gt/CookScrap/VR/transitions-2-pretty-V/soy-ginger-chicken.html
3,/Users/gt/CookScrap/VR/transitions-2-pretty-V/soy-ginger-salmon-with-roasted-leeks.html
9,/Users/gt/CookScrap/VR/transitions-2-pretty-V/Spaghetti-Carbonara.html
7,/Users/gt/CookScrap/VR/transitions-2-pretty-V/Spaghetti-Pie.html
8,/Users/gt/CookScrap/VR/transitions-2-pretty-V/spiced-carrot-cake.html
3,/Users/gt/CookScrap/VR/transitions-2-pretty-V/spicy-cabbage-and-chicken-salad.html
8,/Users/gt/CookScrap/VR/transitions-2-pretty-V/spicy-chili.html
7,/Users/gt/CookScrap/VR/transitions-2-pretty-V/Spicy-Lemon-Tuna-Risotto.html
6,/Users/gt/CookScrap/VR/transitions-2-pretty-V/Spicy-Pork-with-Peanuts.html
4,/Users/gt/CookScrap/VR/transitions-2-pretty-V/Spicy-Potato-Soup.html
16,/Users/gt/CookScrap/VR/transitions-2-pretty-V/Spicy-Sausage-and-Bacon-with-Curry-Couscous.html
7,/Users/gt/CookScrap/VR/transitions-2-pretty-V/Spicy-Sausage-Patties.html
10,/Users/gt/CookScrap/VR/transitions-2-pretty-V/Spicy-Velvet-Elvis-Sandwich.html
3,/Users/gt/CookScrap/VR/transitions-2-pretty-V/spinach-and-garlic.html
10,/Users/gt/CookScrap/VR/transitions-2-pretty-V/spinach-side-dish-sigeumchi-namul.html
18,/Users/gt/CookScrap/VR/transitions-2-pretty-V/Spring-Leek-&-Mushroom-Consomme-with-Coconut-Cream.html
5,/Users/gt/CookScrap/VR/transitions-2-pretty-V/Squash-&-Long-Beans-in-Coconut-Milk.html
7,/Users/gt/CookScrap/VR/transitions-2-pretty-V/Squash-Pancakes-with-Spicy-Thai-Peanut-Sauce.html
13,/Users/gt/CookScrap/VR/transitions-2-pretty-V/Steak-Fettuccine-with-Insalata-Caprese.html
7,/Users/gt/CookScrap/VR/transitions-2-pretty-V/steamed-pork-with-salted-preserved-vegetables.html
6,/Users/gt/CookScrap/VR/transitions-2-pretty-V/Steamed-Vegetarian-Dumplings.html
17,/Users/gt/CookScrap/VR/transitions-2-pretty-V/Sticky-Toffee-Pudding.html
6,/Users/gt/CookScrap/VR/transitions-2-pretty-V/Stilton-Sauce-for-your-steak.html
9,/Users/gt/CookScrap/VR/transitions-2-pretty-V/stir-fried-brinjal-with-dried-shrimp-and-chili.html
12,/Users/gt/CookScrap/VR/transitions-2-pretty-V/Strawberry-Rhubarb-Pie.html
17,/Users/gt/CookScrap/VR/transitions-2-pretty-V/Stuffed-Baked-Zucchini-with-Tomato-Sauce.html
11,/Users/gt/CookScrap/VR/transitions-2-pretty-V/stuffed-cucumber-kimchi-oisobagi-kimchi.html
16,/Users/gt/CookScrap/VR/transitions-2-pretty-V/stuffed-peppers.html
18,/Users/gt/CookScrap/VR/transitions-2-pretty-V/Stuffed-Shells-with-Marinara.html
16,/Users/gt/CookScrap/VR/transitions-2-pretty-V/Summer-Rolls-with-Dipping-Sauces.html
16,/Users/gt/CookScrap/VR/transitions-2-pretty-V/sundried-tomato-pasta-alio-olio-insalata-caprese.html
11,/Users/gt/CookScrap/VR/transitions-2-pretty-V/Sweet-and-Sour-Pork.html
4,/Users/gt/CookScrap/VR/transitions-2-pretty-V/Sweet-Potato-Cake-with-Cilantro-Yogurt.html
11,/Users/gt/CookScrap/VR/transitions-2-pretty-V/Taco-Dip.html
5,/Users/gt/CookScrap/VR/transitions-2-pretty-V/Tamari-Lamb-Loin-with-Curried-Edamame-Puree.html
7,/Users/gt/CookScrap/VR/transitions-2-pretty-V/Tandoori-Chicken-with-Sweet-&-Spicy-Stir-Fry.html
10,/Users/gt/CookScrap/VR/transitions-2-pretty-V/Tarte-Tatin---Upside-Down-Apple-Tart.html
3,/Users/gt/CookScrap/VR/transitions-2-pretty-V/Tater-Skin-Chips.html
7,/Users/gt/CookScrap/VR/transitions-2-pretty-V/Tequila-Shrimp-with-Orzo.html
2,/Users/gt/CookScrap/VR/transitions-2-pretty-V/teriyaki-wings.html
3,/Users/gt/CookScrap/VR/transitions-2-pretty-V/Thai-Bean-Cakes.html
16,/Users/gt/CookScrap/VR/transitions-2-pretty-V/Thai-Chicken-Pizza.html
7,/Users/gt/CookScrap/VR/transitions-2-pretty-V/Thai-Chilli-Pepper-Beef.html
9,/Users/gt/CookScrap/VR/transitions-2-pretty-V/Thai-Hot-and-Sour-Chicken-Soup	.html
9,/Users/gt/CookScrap/VR/transitions-2-pretty-V/Thai-Spiced-Pumpkin-Soup.html
3,/Users/gt/CookScrap/VR/transitions-2-pretty-V/Thai-Style-Coconut-Milk-Soup.html
8,/Users/gt/CookScrap/VR/transitions-2-pretty-V/The-Perfect-Reuben-Sandwich.html
5,/Users/gt/CookScrap/VR/transitions-2-pretty-V/thin-mints-homemade-girl-scout-cookies.html
14,/Users/gt/CookScrap/VR/transitions-2-pretty-V/Three-Bean-Salad-with-Soy-Vinaigrette.html
17,/Users/gt/CookScrap/VR/transitions-2-pretty-V/Three-Chile-Chili.html
6,/Users/gt/CookScrap/VR/transitions-2-pretty-V/Tilapia-and-Mango-Salsa-with-Sauteed-Mushrooms.html
20,/Users/gt/CookScrap/VR/transitions-2-pretty-V/tiramisu.html
13,/Users/gt/CookScrap/VR/transitions-2-pretty-V/Toasty-Bread.html
3,/Users/gt/CookScrap/VR/transitions-2-pretty-V/Tom-Kha-Gai.html
10,/Users/gt/CookScrap/VR/transitions-2-pretty-V/Tom-Yum-Talay---Hot-and-Sour-Seafood-Soup.html
11,/Users/gt/CookScrap/VR/transitions-2-pretty-V/Tomato-and-Cheese-Omelette-with-Mushrooms.html
17,/Users/gt/CookScrap/VR/transitions-2-pretty-V/Tomato-and-Crab-Bisque-with-Caprese-Salad.html
10,/Users/gt/CookScrap/VR/transitions-2-pretty-V/tomato-sauce.html
20,/Users/gt/CookScrap/VR/transitions-2-pretty-V/Tomato-Soup-with-Salami-and-Garlic-Bread.html
7,/Users/gt/CookScrap/VR/transitions-2-pretty-V/Tomato-Tartlets.html
12,/Users/gt/CookScrap/VR/transitions-2-pretty-V/Tomatoes-&-Goat-Cheese-&-Balsamic-Coffee-Reduction.html
8,/Users/gt/CookScrap/VR/transitions-2-pretty-V/tortilla-mexican-casserole.html
6,/Users/gt/CookScrap/VR/transitions-2-pretty-V/Totsong-Bangus-(Milkfish-In-Fermented-Soy-Cake).html
14,/Users/gt/CookScrap/VR/transitions-2-pretty-V/Traditional-Meat-and-Potato-Pie.html
13,/Users/gt/CookScrap/VR/transitions-2-pretty-V/Traditional-Scottish-Stovies---Pot-Supper.html
7,/Users/gt/CookScrap/VR/transitions-2-pretty-V/tuna-salad.html
7,/Users/gt/CookScrap/VR/transitions-2-pretty-V/Tung-Tong---Thai-Egg-Rolls.html
10,/Users/gt/CookScrap/VR/transitions-2-pretty-V/Turkey-Breast-Cutlets-with-Yams-and-Apples.html
4,/Users/gt/CookScrap/VR/transitions-2-pretty-V/Tzatziki-Sauce-for-Gyros---Greek-Salad-Dressing.html
8,/Users/gt/CookScrap/VR/transitions-2-pretty-V/vanilla-cupcakes-strawberry-shortcakes.html
7,/Users/gt/CookScrap/VR/transitions-2-pretty-V/Vanilla-Panna-Cotta-with-Grapefruit-Syrup.html
16,/Users/gt/CookScrap/VR/transitions-2-pretty-V/Vegan-Marinated-Portobello-Mushroom-Burger.html
20,/Users/gt/CookScrap/VR/transitions-2-pretty-V/vegetable-shrimp-salad-with-lemon.html
3,/Users/gt/CookScrap/VR/transitions-2-pretty-V/vegetable-soup-non-dairy.html
4,/Users/gt/CookScrap/VR/transitions-2-pretty-V/vegetables-japanese-oden-style.html
8,/Users/gt/CookScrap/VR/transitions-2-pretty-V/Vegetarian-Black-Bean-Chili.html
19,/Users/gt/CookScrap/VR/transitions-2-pretty-V/Vegetarian-Pesto-Couscous-Salad.html
14,/Users/gt/CookScrap/VR/transitions-2-pretty-V/Vegetarian-Stir-Fry.html
18,/Users/gt/CookScrap/VR/transitions-2-pretty-V/Vegetarian-Taco-Dip.html
20,/Users/gt/CookScrap/VR/transitions-2-pretty-V/Venison-Bourguignon.html
2,/Users/gt/CookScrap/VR/transitions-2-pretty-V/vietnamese-banh-mi-sandwich.html
3,/Users/gt/CookScrap/VR/transitions-2-pretty-V/vietnamese-style-pork-chops-with-rice-and-cucumber-tomato-salad.html
8,/Users/gt/CookScrap/VR/transitions-2-pretty-V/Voodoo-Fricassee-Over-Basil-Fettuccini.html
7,/Users/gt/CookScrap/VR/transitions-2-pretty-V/warm-fennel-chickpea-antipasto.html
3,/Users/gt/CookScrap/VR/transitions-2-pretty-V/watermelon-salad-with-feta-and-mint.html
15,/Users/gt/CookScrap/VR/transitions-2-pretty-V/White-Chocolate-Raspberry-Cheesecake.html
8,/Users/gt/CookScrap/VR/transitions-2-pretty-V/whoopie-pies-or-devil-dogs-with-marshmallow-creme.html
20,/Users/gt/CookScrap/VR/transitions-2-pretty-V/Wild-Blackberry-Pie.html
14,/Users/gt/CookScrap/VR/transitions-2-pretty-V/Wild-Mushroom-Chowder-with-Leeks-&-Spinach.html
9,/Users/gt/CookScrap/VR/transitions-2-pretty-V/Yotemeal---Yogurt-Oatmeal-Maypo-Milk-and-Honey.html
13,/Users/gt/CookScrap/VR/transitions-2-pretty-V/Zesty-Shrimp-with-Pasta.html
5,/Users/gt/CookScrap/VR/transitions-2-pretty-V/Zilzil-Alecha---Ethiopian-Beef.html
5,/Users/gt/CookScrap/VR/transitions-2-pretty-V/Zucchini-Stuffed-Phyllo-Pouches.html
